Metric,Group1 Mean,Group2 Mean,t-Statistic,p-Value
Brightness,73.31315300584929,71.86870095018159,3.6705417434824588,0.0002496599259217187
Contrast,66.77293703094382,65.15823816095146,8.010692508527525,2.139554824563037e-15
Focus,60.632553343007935,54.89277715215861,4.709334922850303,2.6900068231690605e-06
